{"cameraMode":{"drawMode":0,"name":"Shaded","section":"Shading Mode"},"sceneLighting":true,"audioPlay":false,"sceneViewState":{"showFog":true,"showMaterialUpdate":false,"showSkybox":true,"showFlares":true,"showImageEffects":true,"showParticleSystems":true},"in2DMode":false,"pivot":{"x":0.017377585172653199,"y":-0.8796290159225464,"z":87.72544860839844},"rotation":{"x":0.005361535586416721,"y":-0.9902602434158325,"z":0.13330291211605073,"w":0.039829060435295108},"size":5.5,"orthographic":false}